{"cameraMode":{"drawMode":0,"name":"Shaded","section":"Shading Mode"},"sceneLighting":false,"audioPlay":false,"sceneViewState":{"m_AlwaysRefresh":false,"showFog":true,"showSkybox":false,"showFlares":true,"showImageEffects":true,"showParticleSystems":true,"showVisualEffectGraphs":true,"m_FxEnabled":true},"in2DMode":false,"pivot":{"x":0.17589378356933595,"y":0.05000050365924835,"z":0.1758880615234375},"rotation":{"x":0.2464640885591507,"y":0.21110248565673829,"z":-0.0550917387008667,"w":0.9442851543426514},"size":21.2132625579834,"orthographic":false}