{"cameraMode":{"drawMode":0,"name":"Shaded","section":"Shading Mode"},"sceneLighting":false,"audioPlay":false,"sceneViewState":{"m_AlwaysRefresh":false,"showFog":true,"showSkybox":false,"showFlares":true,"showImageEffects":true,"showParticleSystems":true,"showVisualEffectGraphs":true,"m_FxEnabled":true},"in2DMode":false,"pivot":{"x":0.000001430511474609375,"y":2.8773715496063234,"z":0.13516712188720704},"rotation":{"x":0.011812785640358925,"y":-0.9759460091590881,"z":0.05451282486319542,"w":0.21088989078998567},"size":4.922247886657715,"orthographic":false}