{"cameraMode":{"drawMode":0,"name":"Shaded","section":"Shading Mode"},"sceneLighting":false,"audioPlay":false,"sceneViewState":{"m_AlwaysRefresh":false,"showFog":true,"showSkybox":false,"showFlares":true,"showImageEffects":true,"showParticleSystems":true,"showVisualEffectGraphs":true,"m_FxEnabled":true},"in2DMode":false,"pivot":{"x":-1.7259998321533204,"y":1.0994999408721924,"z":15.59000015258789},"rotation":{"x":0.008251928724348545,"y":0.5859090089797974,"z":0.005984464194625616,"w":-0.810346245765686},"size":1.7487823963165284,"orthographic":false}